<?xml version="1.0" encoding="utf-8" ?>
<!-- This is a SCORM 1.2 manifest file, created 5/8/2018 1:04:36 AM by User using CourseLab 090219 -->
<manifest xmlns="http://www.imsproject.org/xsd/imscp_rootv1p1p2" xmlns:adlcp="http://www.adlnet.org/xsd/adlcp_rootv1p2" xmlns:xsi="http://www.w3.org/2001/XMLSchema-instance" xsi:schemaLocation=" http://www.imsproject.org/xsd/imscp_rootv1p1p2 imscp_rootv1p1p2.xsd http://www.adlnet.org/xsd/adlcp_rootv1p2 adlcp_rootv1p2.xsd" identifier="MANIFEST-109AC68F_86DC_4A6B_8EF0_389A32CBD43E" version="1.0">
<metadata>
<schema>ADL SCORM</schema>
<schemaversion>1.2</schemaversion>
</metadata>
<organizations default="testpasha">
<organization identifier="testpasha">
<title>Pavel</title>
<item identifier="qwe" identifierref="RES1" parameters="?width=750&amp;height=530">
<title>test</title>
</item>
</organization>
</organizations>
<resources>
<resource identifier="RESCOURSEIMAGES" adlcp:scormtype="asset" type="webcontent">
<file href="courseimages/agenthub.swf"/>
<file href="courseimages/courselab.js"/>
<file href="courseimages/legacy.js"/>
<file href="courseimages/lms.js"/>
</resource>
<resource identifier="RES1" adlcp:scormtype="sco" href="1/start.html" type="webcontent">
<file href="1/module.js"/>
<file href="1/start.html"/>
<file href="1/splash.xml"/>
<file href="1/runtime.xml"/>
<file href="1/images/1blank.gif"/>
<file href="1/images/back.jpg"/>
<file href="1/images/contents_bullet_1.gif"/>
<file href="1/images/course.css"/>
<file href="1/images/cursor_arrow.gif"/>
<file href="1/images/cursor_click.gif"/>
<file href="1/images/nav_003_contents/orange/f_closed.gif"/>
<file href="1/images/nav_003_contents/orange/f_open.gif"/>
<file href="1/images/nav_003_contents/orange/icon_current.gif"/>
<file href="1/images/nav_003_contents/orange/icon_unvisited.gif"/>
<file href="1/images/nav_003_contents/orange/icon_visited.gif"/>
<file href="1/images/nav_003_contents/orange/tab_contents_0.gif"/>
<file href="1/images/nav_003_contents/orange/tab_contents_1.gif"/>
<file href="1/images/nav_003_contents/orange/tab_contents_2.gif"/>
<file href="1/images/nav_003_contents/orange/tab_contents_3.gif"/>
<file href="1/images/nav_004_help/orange/tab_help_0.gif"/>
<file href="1/images/nav_004_help/orange/tab_help_1.gif"/>
<file href="1/images/nav_004_help/orange/tab_help_2.gif"/>
<file href="1/images/nav_004_help/orange/tab_help_3.gif"/>
<file href="1/images/nav_005_calc/orange/tab_calc_0.gif"/>
<file href="1/images/nav_005_calc/orange/tab_calc_1.gif"/>
<file href="1/images/nav_005_calc/orange/tab_calc_2.gif"/>
<file href="1/images/nav_005_calc/orange/tab_calc_3.gif"/>
<file href="1/images/nav_006_settings/obj_completed.gif"/>
<file href="1/images/nav_006_settings/obj_failed.gif"/>
<file href="1/images/nav_006_settings/obj_incomplete.gif"/>
<file href="1/images/nav_006_settings/obj_passed.gif"/>
<file href="1/images/nav_006_settings/obj_unknown.gif"/>
<file href="1/images/nav_006_settings/orange/tab_sett_0.gif"/>
<file href="1/images/nav_006_settings/orange/tab_sett_1.gif"/>
<file href="1/images/nav_006_settings/orange/tab_sett_2.gif"/>
<file href="1/images/nav_006_settings/orange/tab_sett_3.gif"/>
<file href="1/images/nav_007_about/orange/tab_about_0.gif"/>
<file href="1/images/nav_007_about/orange/tab_about_1.gif"/>
<file href="1/images/nav_007_about/orange/tab_about_2.gif"/>
<file href="1/images/nav_007_about/orange/tab_about_3.gif"/>
<file href="1/images/nav_008_next/ws_next_0.gif"/>
<file href="1/images/nav_008_next/ws_next_1.gif"/>
<file href="1/images/nav_008_next/ws_next_2.gif"/>
<file href="1/images/nav_008_next/ws_next_3.gif"/>
<file href="1/images/nav_009_prev/ws_prev_0.gif"/>
<file href="1/images/nav_009_prev/ws_prev_1.gif"/>
<file href="1/images/nav_009_prev/ws_prev_2.gif"/>
<file href="1/images/nav_009_prev/ws_prev_3.gif"/>
<file href="1/images/nav_011_sound/orange/btn_sound_off_0.gif"/>
<file href="1/images/nav_011_sound/orange/btn_sound_off_1.gif"/>
<file href="1/images/nav_011_sound/orange/btn_sound_on_0.gif"/>
<file href="1/images/nav_011_sound/orange/btn_sound_on_1.gif"/>
<file href="1/images/nav_012_close/ws_close_0.gif"/>
<file href="1/images/nav_012_close/ws_close_1.gif"/>
<file href="1/images/nav_012_close/ws_close_2.gif"/>
<file href="1/images/nav_013_restart/orange/btn_restart_0.gif"/>
<file href="1/images/nav_013_restart/orange/btn_restart_1.gif"/>
<file href="1/images/nav_013_restart/orange/btn_restart_2.gif"/>
<file href="1/images/nav_013_restart/orange/btn_restart_3.gif"/>
<file href="1/images/q_099_test/basic/lightblue/button_check_0.gif"/>
<file href="1/images/q_099_test/basic/lightblue/button_check_1.gif"/>
<file href="1/images/q_099_test/basic/lightblue/button_next_0.gif"/>
<file href="1/images/q_099_test/basic/lightblue/button_next_1.gif"/>
<file href="1/images/q_099_test/basic/lightblue/button_skip_0.gif"/>
<file href="1/images/q_099_test/basic/lightblue/button_skip_1.gif"/>
<file href="1/images/q_099_test/basic/lightblue/choice_spot_1_0.gif"/>
<file href="1/images/q_099_test/basic/lightblue/choice_spot_1_2.gif"/>
<file href="1/images/q_099_test/basic/lightblue/range_spot_down_0.gif"/>
<file href="1/images/q_099_test/basic/lightblue/range_spot_down_1.gif"/>
<file href="1/images/q_099_test/basic/lightblue/range_spot_up_0.gif"/>
<file href="1/images/q_099_test/basic/lightblue/range_spot_up_1.gif"/>
<file href="1/images/q_099_test/basic/lightblue/select_spot_1_0.gif"/>
<file href="1/images/q_099_test/basic/lightblue/select_spot_1_2.gif"/>
<file href="1/images/q_102_resultbyscale/1blank.gif"/>
<file href="1/images/splash_button_go/button_start1.gif"/>
<file href="1/images/splash_button_go/button_wait.gif"/>
<file href="1/images/ws_bg_bottom.gif"/>
<file href="1/images/ws_bg_top.gif"/>
<dependency identifierref="RESCOURSEIMAGES"/>
</resource>
</resources>
</manifest>