<?xml version="1.0" encoding="utf-8"?>
<!-- Splash screen file, saved 5/8/2018 1:04:02 AM by User using CourseLab 090219 -->
<splash>
<settings>
<showsplash>yes</showsplash>
</settings>
<data>
<![CDATA[<img src="images/back.jpg" style="position:absolute;left:0px;top:0px;width:750px;height:530px;"/><div style="position:absolute;left:535px;top:461px;width:166px;height:31px;"><img border="0" width="166" height="31" style="cursor:hand;cursor:pointer;" src="images/splash_button_go/button_start1.gif" onclick="this.src = 'images/splash_button_go/button_wait.gif'; StartModule();return false;"   /></div><div style="position:absolute;left:65px;top:335px;width:636px;height:76px;"><P><SPAN style="FONT-SIZE: 12px; FONT-FAMILY: Arial"><B><SPAN style="FONT-SIZE: 18px; COLOR: #deffff"><SPAN style="COLOR: #ffffff">Тест: Анализ технологий рабзработки для сервис-ориентированных информационных&nbsp;систем</SPAN></SPAN></B></SPAN></P></div><div style="position:absolute;left:403px;top:77px;width:313px;height:157px;"><P align=center><SPAN style="FONT-FAMILY: Arial"><SPAN style="COLOR: #000000">Преподаватель: Бажан Павел Владимирович</P>
<P align=center><SPAN style="FONT-FAMILY: Arial">Образование: СПбНИУ ИТМО, факультет программной инженерии&nbsp;</SPAN><SPAN style="FONT-FAMILY: Arial">и компьютерных технологий, направление Веб-технологии</SPAN></SPAN></SPAN></P>
<P align=center>&nbsp;</P></div>]]>
</data>
</splash>
